,CustomerID,Gender,Age,Annual Income (k$),Spending Score (1-100),Cluster
0,1,Male,19,15,39,1
1,2,Male,21,15,81,3
2,3,Female,20,16,6,1
3,4,Female,23,16,77,3
4,5,Female,31,17,40,1
5,6,Female,22,17,76,3
6,7,Female,35,18,6,1
7,8,Female,23,18,94,3
8,9,Male,64,19,3,1
9,10,Female,30,19,72,3
10,11,Male,67,19,14,1
11,12,Female,35,19,99,3
12,13,Female,58,20,15,1
13,14,Female,24,20,77,3
14,15,Male,37,20,13,1
15,16,Male,22,20,79,3
16,17,Female,35,21,35,1
17,18,Male,20,21,66,3
18,19,Male,52,23,29,1
19,20,Female,35,23,98,3
20,21,Male,35,24,35,1
21,22,Male,25,24,73,3
22,23,Female,46,25,5,1
23,24,Male,31,25,73,3
24,25,Female,54,28,14,1
25,26,Male,29,28,82,3
26,27,Female,45,28,32,1
27,28,Male,35,28,61,3
28,29,Female,40,29,31,1
29,30,Female,23,29,87,3
30,31,Male,60,30,4,1
31,32,Female,21,30,73,3
32,33,Male,53,33,4,1
33,34,Male,18,33,92,3
34,35,Female,49,33,14,1
35,36,Female,21,33,81,3
36,37,Female,42,34,17,1
37,38,Female,30,34,73,3
38,39,Female,36,37,26,1
39,40,Female,20,37,75,3
40,41,Female,65,38,35,1
41,42,Male,24,38,92,3
42,43,Male,48,39,36,1
43,44,Female,31,39,61,3
44,45,Female,49,39,28,1
45,46,Female,24,39,65,3
46,47,Female,50,40,55,3
47,48,Female,27,40,47,2
48,49,Female,29,40,42,2
49,50,Female,31,40,42,2
50,51,Female,49,42,52,2
51,52,Male,33,42,60,3
52,53,Female,31,43,54,2
53,54,Male,59,43,60,3
54,55,Female,50,43,45,2
55,56,Male,47,43,41,2
56,57,Female,51,44,50,2
57,58,Male,69,44,46,2
58,59,Female,27,46,51,2
59,60,Male,53,46,46,2
60,61,Male,70,46,56,2
61,62,Male,19,46,55,2
62,63,Female,67,47,52,2
63,64,Female,54,47,59,2
64,65,Male,63,48,51,2
65,66,Male,18,48,59,2
66,67,Female,43,48,50,2
67,68,Female,68,48,48,2
68,69,Male,19,48,59,2
69,70,Female,32,48,47,2
70,71,Male,70,49,55,2
71,72,Female,47,49,42,2
72,73,Female,60,50,49,2
73,74,Female,60,50,56,2
74,75,Male,59,54,47,2
75,76,Male,26,54,54,2
76,77,Female,45,54,53,2
77,78,Male,40,54,48,2
78,79,Female,23,54,52,2
79,80,Female,49,54,42,2
80,81,Male,57,54,51,2
81,82,Male,38,54,55,2
82,83,Male,67,54,41,2
83,84,Female,46,54,44,2
84,85,Female,21,54,57,2
85,86,Male,48,54,46,2
86,87,Female,55,57,58,2
87,88,Female,22,57,55,2
88,89,Female,34,58,60,2
89,90,Female,50,58,46,2
90,91,Female,68,59,55,2
91,92,Male,18,59,41,2
92,93,Male,48,60,49,2
93,94,Female,40,60,40,2
94,95,Female,32,60,42,2
95,96,Male,24,60,52,2
96,97,Female,47,60,47,2
97,98,Female,27,60,50,2
98,99,Male,48,61,42,2
99,100,Male,20,61,49,2
100,101,Female,23,62,41,2
101,102,Female,49,62,48,2
102,103,Male,67,62,59,2
103,104,Male,26,62,55,2
104,105,Male,49,62,56,2
105,106,Female,21,62,42,2
106,107,Female,66,63,50,2
107,108,Male,54,63,46,2
108,109,Male,68,63,43,2
109,110,Male,66,63,48,2
110,111,Male,65,63,52,2
111,112,Female,19,63,54,2
112,113,Female,38,64,42,2
113,114,Male,19,64,46,2
114,115,Female,18,65,48,2
115,116,Female,19,65,50,2
116,117,Female,63,65,43,2
117,118,Female,49,65,59,2
118,119,Female,51,67,43,2
119,120,Female,50,67,57,2
120,121,Male,27,67,56,2
121,122,Female,38,67,40,2
122,123,Female,40,69,58,2
123,124,Male,39,69,91,0
124,125,Female,23,70,29,2
125,126,Female,31,70,77,0
126,127,Male,43,71,35,2
127,128,Male,40,71,95,0
128,129,Male,59,71,11,5
129,130,Male,38,71,75,0
130,131,Male,47,71,9,5
131,132,Male,39,71,75,0
132,133,Female,25,72,34,2
133,134,Female,31,72,71,0
134,135,Male,20,73,5,5
135,136,Female,29,73,88,0
136,137,Female,44,73,7,5
137,138,Male,32,73,73,0
138,139,Male,19,74,10,5
139,140,Female,35,74,72,0
140,141,Female,57,75,5,5
141,142,Male,32,75,93,0
142,143,Female,28,76,40,2
143,144,Female,32,76,87,0
144,145,Male,25,77,12,5
145,146,Male,28,77,97,0
146,147,Male,48,77,36,2
147,148,Female,32,77,74,0
148,149,Female,34,78,22,5
149,150,Male,34,78,90,0
150,151,Male,43,78,17,5
151,152,Male,39,78,88,0
152,153,Female,44,78,20,5
153,154,Female,38,78,76,0
154,155,Female,47,78,16,5
155,156,Female,27,78,89,0
156,157,Male,37,78,1,5
157,158,Female,30,78,78,0
158,159,Male,34,78,1,5
159,160,Female,30,78,73,0
160,161,Female,56,79,35,5
161,162,Female,29,79,83,0
162,163,Male,19,81,5,5
163,164,Female,31,81,93,0
164,165,Male,50,85,26,5
165,166,Female,36,85,75,0
166,167,Male,42,86,20,5
167,168,Female,33,86,95,0
168,169,Female,36,87,27,5
169,170,Male,32,87,63,0
170,171,Male,40,87,13,5
171,172,Male,28,87,75,0
172,173,Male,36,87,10,5
173,174,Male,36,87,92,0
174,175,Female,52,88,13,5
175,176,Female,30,88,86,0
176,177,Male,58,88,15,5
177,178,Male,27,88,69,0
178,179,Male,59,93,14,5
179,180,Male,35,93,90,0
180,181,Female,37,97,32,5
181,182,Female,32,97,86,0
182,183,Male,46,98,15,5
183,184,Female,29,98,88,0
184,185,Female,41,99,39,5
185,186,Male,30,99,97,0
186,187,Female,54,101,24,5
187,188,Male,28,101,68,4
188,189,Female,41,103,17,5
189,190,Female,36,103,85,4
190,191,Female,34,103,23,5
191,192,Female,32,103,69,4
192,193,Male,33,113,8,5
193,194,Female,38,113,91,4
194,195,Female,47,120,16,5
195,196,Female,35,120,79,4
196,197,Female,45,126,28,5
197,198,Male,32,126,74,4
198,199,Male,32,137,18,5
199,200,Male,30,137,83,4
200,201,Female,32,126,21,5
201,202,Female,45,126,42,4
202,203,Female,34,126,33,5
203,204,Female,44,113,44,4
204,205,Male,23,113,58,4
205,206,Male,23,103,69,4
206,207,Male,24,120,73,4
207,208,Male,67,113,48,4
208,209,Male,34,103,69,4
209,210,Male,67,137,100,4
210,211,Female,67,137,45,4
211,212,Female,58,101,22,5
212,213,Female,55,101,67,4
213,214,Female,45,15,58,3
214,215,Female,34,15,45,3
215,216,Female,34,15,13,1
216,217,Male,33,15,15,1
217,218,Female,24,16,18,1
218,219,Male,56,16,30,1
219,220,Female,32,16,54,3
220,221,Female,70,17,68,3
221,222,Female,67,18,57,3
222,223,Male,32,18,89,3
223,224,Male,45,19,37,1
224,225,Female,23,19,48,3
225,226,Male,24,19,10,1
226,227,Male,67,20,3,1
227,228,Female,56,20,27,1
228,229,Male,45,21,49,3
229,230,Male,44,23,50,3
230,231,Female,34,23,46,3
231,232,Male,78,21,10,1
232,233,Female,56,21,2,1
233,234,Male,67,23,6,1
234,235,Female,45,24,36,1
235,236,Male,68,25,49,3
236,237,Female,79,23,17,1
237,238,Female,69,25,59,3
238,239,Male,59,24,69,3
239,240,Female,39,24,89,3
240,241,Male,38,24,79,3
241,242,Male,23,25,5,1
242,243,Female,45,25,67,3
243,244,Female,66,25,4,1
244,245,Female,33,28,56,3
245,246,Female,89,28,41,1
246,247,Female,34,29,45,3
247,248,Female,56,30,29,1
248,249,Female,33,33,20,1
249,250,Male,65,29,8,1
250,251,Male,43,29,38,1
251,252,Female,34,29,27,1
252,253,Female,32,28,14,1
253,254,Female,45,28,19,1
254,255,Female,78,30,50,3
255,256,Female,56,30,39,1
256,257,Female,43,30,58,3
257,258,Female,67,33,67,3
258,259,Female,43,37,59,3
259,260,Male,77,34,89,3
260,261,Female,67,37,90,3
261,262,Male,54,37,99,3
262,263,Female,23,34,94,3
263,264,Male,56,34,67,3
264,265,Female,35,34,35,1
265,266,Male,32,33,47,3
266,267,Female,77,33,21,1
267,268,Male,54,37,14,1
268,269,Male,67,37,2,1
269,270,Male,66,38,4,1
270,271,Female,21,39,9,1
271,272,Female,22,38,5,1
272,273,Male,23,38,33,1
273,274,Male,24,38,45,2
274,275,Female,25,39,67,3
275,276,Female,26,40,55,2
276,277,Male,27,40,79,3
277,278,Female,28,40,74,3
278,279,Male,21,49,99,0
279,280,Female,76,40,94,3
280,281,Female,56,39,15,1
281,282,Female,45,39,13,1
282,283,Male,34,42,16,1
283,284,Male,78,43,11,1
284,285,Female,54,42,10,1
285,286,Male,78,42,48,2
286,287,Female,49,42,37,1
287,288,Female,46,44,69,3
288,289,Male,78,44,56,3
289,290,Male,55,44,43,2
290,291,Male,75,44,97,3
291,292,Female,78,46,56,3
292,293,Female,65,46,78,3
293,294,Male,54,43,25,1
294,295,Female,45,43,37,1
295,296,Female,54,43,56,3
296,297,Female,55,46,89,3
297,298,Female,66,46,67,3
298,299,Female,54,47,10,1
299,300,Male,57,48,78,3
300,301,Male,54,48,58,2
301,302,Female,78,47,39,1
302,303,Female,64,46,2,1
303,304,Male,46,46,78,3
304,305,Female,89,47,39,1
305,306,Female,44,47,78,3
306,307,Male,34,48,90,3
307,308,Male,54,49,49,2
308,309,Female,42,49,28,1
309,310,Female,43,49,47,2
310,311,Male,57,48,25,1
311,312,Male,78,48,67,3
312,313,Male,56,50,78,3
313,314,Female,67,54,39,2
314,315,Female,56,57,12,1
315,316,Male,45,50,14,1
316,317,Male,34,50,23,1
317,318,Male,23,50,35,2
318,319,Male,29,54,46,2
319,320,Female,28,57,57,2
320,321,Female,56,57,68,2
321,322,Male,57,54,79,0
322,323,Female,85,54,80,3
323,324,Female,46,57,91,0
324,325,Female,78,57,13,1
325,326,Female,45,50,24,1
326,327,Female,34,54,33,2
327,328,Female,65,57,48,2
328,329,Male,23,58,57,2
329,330,Female,25,59,62,2
330,331,Female,27,60,59,2
331,332,Male,45,60,70,0
332,333,Female,60,60,79,0
333,334,Female,77,60,10,1
334,335,Male,30,59,4,1
335,336,Male,56,59,8,1
336,337,Male,45,58,57,2
337,338,Male,45,58,90,0
338,339,Male,77,58,46,2
339,340,Male,43,59,55,2
340,341,Female,60,59,78,0
341,342,Female,34,57,57,2
342,343,Male,36,50,10,1
343,344,Female,75,49,47,2
344,345,Female,25,57,39,2
345,346,Male,47,48,20,1
346,347,Male,49,46,30,1
347,348,Female,40,57,48,2
348,349,Female,12,34,46,2
349,350,Male,64,37,88,3
350,351,Female,43,30,74,3
351,352,Female,78,40,48,1
352,353,Male,45,61,39,2
353,354,Male,35,62,20,2
354,355,Male,78,63,22,1
355,356,Female,54,61,90,0
356,357,Female,34,61,38,2
357,358,Male,32,61,29,2
358,359,Male,78,63,48,2
359,360,Male,54,63,18,1
360,361,Female,43,62,11,1
361,362,Female,77,62,14,1
362,363,Female,89,63,27,1
363,364,Female,85,64,53,2
364,365,Male,67,65,46,2
365,366,Female,55,66,25,2
366,367,Male,45,67,3,5
367,368,Female,45,69,5,5
368,369,Female,59,70,38,2
369,370,Female,70,63,63,2
370,371,Male,60,69,22,5
371,372,Female,65,67,18,5
372,373,Male,44,65,37,2
373,374,Female,34,70,28,2
374,375,Male,68,70,94,0
375,376,Female,56,70,70,0
376,377,Female,64,65,59,2
377,378,Male,56,64,78,0
378,379,Male,90,63,10,1
379,380,Male,75,62,11,1
380,381,Male,54,69,35,2
381,382,Male,78,67,57,2
382,383,Female,54,65,69,0
383,384,Female,44,69,29,2
384,385,Male,34,64,20,2
385,386,Male,87,70,18,5
386,387,Male,54,71,73,0
387,388,Male,45,72,11,5
388,389,Female,33,73,49,2
389,390,Female,45,74,70,0
390,391,Male,45,75,70,0
391,392,Female,32,76,49,2
392,393,Female,67,76,28,5
393,394,Male,32,76,56,2
394,395,Female,67,76,3,5
395,396,Male,33,76,87,0
396,397,Female,78,74,67,0
397,398,Female,64,74,89,0
398,399,Female,43,75,12,5
399,400,Female,56,76,22,5
400,401,Male,34,74,57,2
401,402,Female,32,73,66,0
402,403,Female,12,73,34,2
403,404,Female,67,72,77,0
404,405,Female,76,72,34,2
405,406,Male,65,73,89,0
406,407,Male,56,71,67,0
407,408,Male,78,71,4,5
408,409,Female,76,72,8,5
409,410,Female,34,74,79,0
410,411,Female,45,73,11,5
411,412,Female,43,72,73,0
412,413,Male,79,71,45,2
413,414,Male,54,71,79,0
414,415,Male,43,71,90,0
415,416,Male,32,75,94,0
416,417,Male,65,75,99,0
417,418,Male,43,75,100,0
418,419,Female,43,76,67,0
419,420,Female,32,76,89,0
420,421,Female,67,77,36,2
421,422,Female,44,78,57,2
422,423,Female,32,79,38,2
423,424,Female,78,81,28,5
424,425,Male,66,81,79,0
425,426,Female,65,79,67,0
426,427,Male,43,79,23,5
427,428,Female,56,78,34,5
428,429,Female,54,79,60,0
429,430,Female,87,81,13,5
430,431,Male,54,81,67,0
431,432,Male,43,81,10,5
432,433,Female,76,78,45,2
433,434,Male,54,77,78,0
434,435,Male,45,78,44,2
435,436,Female,55,78,99,0
436,437,Male,64,78,68,0
437,438,Male,88,77,26,5
438,439,Female,65,77,90,0
439,440,Male,54,79,49,2
440,441,Female,43,81,34,5
441,442,Male,34,81,99,0
442,443,Female,67,79,56,2
443,444,Male,56,79,35,5
444,445,Female,54,81,8,5
445,446,Female,43,85,78,0
446,447,Male,57,85,89,0
447,448,Female,53,87,34,5
448,449,Male,33,88,67,0
449,450,Male,75,93,56,4
450,451,Female,76,97,79,4
451,452,Female,77,97,67,4
452,453,Female,65,87,3,5
453,454,Female,56,85,57,0
454,455,Female,67,87,89,0
455,456,Female,65,85,23,5
456,457,Female,43,97,89,0
457,458,Male,68,97,89,0
458,459,Male,65,81,24,5
459,460,Female,75,81,13,5
460,461,Female,56,88,35,5
461,462,Female,43,88,89,0
462,463,Female,34,93,46,5
463,464,Female,33,93,89,0
464,465,Female,58,81,13,5
465,466,Female,67,85,12,5
466,467,Female,65,85,89,0
467,468,Male,56,81,54,2
468,469,Female,56,93,43,5
469,470,Male,65,93,22,5
470,471,Female,46,97,98,0
471,472,Male,58,98,45,5
472,473,Female,76,99,77,4
473,474,Male,54,101,69,4
474,475,Female,44,97,54,4
475,476,Male,33,98,27,5
476,477,Male,57,98,67,4
477,478,Male,64,97,88,0
478,479,Female,57,101,45,4
479,480,Female,65,101,78,4
480,481,Male,45,97,34,5
481,482,Male,43,99,68,4
482,483,Female,68,98,12,5
483,484,Female,65,97,87,0
484,485,Male,45,101,68,4
485,486,Female,87,101,89,4
486,487,Male,65,101,89,4
487,488,Female,45,101,23,5
488,489,Female,78,88,80,0
489,490,Female,58,81,57,2
490,491,Male,98,85,23,5
491,492,Male,65,85,89,0
492,493,Female,54,85,89,0
493,494,Male,44,81,34,5
494,495,Female,43,81,67,0
495,496,Female,89,81,89,0
496,497,Male,65,87,45,5
497,498,Male,54,87,90,0
498,499,Male,86,87,35,5
499,500,Female,54,88,79,0
500,501,Female,70,88,90,0
501,502,Male,45,93,24,5
502,503,Female,65,103,78,4
503,504,Female,34,103,34,5
504,505,Female,23,103,65,4
505,506,Female,65,101,87,4
506,507,Female,43,101,23,5
507,508,Male,32,113,45,4
508,509,Male,76,113,66,4
509,510,Female,54,120,24,5
510,511,Female,23,120,78,4
511,512,Male,55,101,98,0
512,513,Female,43,103,65,4
513,514,Female,56,113,43,4
514,515,Male,54,120,56,4
515,516,Male,32,120,89,4
516,517,Female,78,120,67,4
517,518,Female,76,113,43,4
518,519,Male,54,113,56,4
519,520,Male,45,126,55,4
520,521,Male,43,137,87,4
521,522,Female,76,137,98,4
522,523,Female,87,137,36,4
523,524,Male,54,137,57,4
524,525,Male,34,126,89,4
525,526,Male,67,126,34,4
526,527,Male,87,126,78,4
527,528,Female,54,103,64,4
528,529,Female,33,103,73,4
529,530,Male,55,103,84,4
530,531,Female,76,15,89,3
531,532,Female,54,15,65,3
532,533,Female,33,16,55,3
533,534,Female,67,16,77,3
534,535,Female,43,17,89,3
535,536,Female,87,17,90,3
536,537,Male,65,18,50,3
537,538,Female,54,18,30,1
538,539,Female,43,19,54,3
539,540,Male,43,19,43,1
540,541,Female,68,19,37,1
541,542,Female,53,19,92,3
542,543,Male,67,20,95,3
543,544,Male,54,20,60,3
544,545,Male,43,20,97,3
545,546,Male,68,20,64,3
546,547,Male,65,21,66,3
547,548,Male,43,21,77,3
548,549,Female,32,23,89,3
549,550,Female,67,23,54,3
550,551,Male,43,24,78,3
551,552,Female,75,24,98,3
552,553,Female,43,25,77,3
553,554,Male,32,25,66,3
554,555,Male,35,28,44,1
555,556,Female,87,28,56,3
556,557,Female,54,28,78,3
557,558,Male,78,28,87,3
558,559,Female,45,29,73,3
559,560,Female,56,29,65,3
560,561,Male,67,30,68,3
561,562,Male,78,30,93,3
562,563,Male,45,33,48,3
563,564,Female,35,33,54,3
564,565,Female,78,33,97,3
565,566,Male,56,33,72,3
566,567,Male,67,34,84,3
567,568,Male,23,34,42,2
568,569,Female,45,37,33,1
569,570,Female,34,37,40,1
570,571,Female,56,38,31,1
571,572,Female,67,38,56,3
572,573,Male,44,39,62,3
573,574,Female,45,39,36,1
574,575,Male,56,39,49,2
575,576,Female,76,39,57,3
576,577,Female,56,40,38,1
577,578,Female,57,40,96,3
578,579,Male,56,40,43,1
579,580,Female,68,40,56,3
580,581,Male,34,42,76,3
581,582,Female,56,42,65,3
582,583,Male,67,43,54,3
583,584,Female,56,43,78,3
584,585,Female,67,43,65,3
585,586,Male,56,43,72,3
586,587,Male,78,44,48,2
587,588,Male,46,44,77,3
588,589,Male,56,46,82,3
589,590,Male,78,46,42,1
590,591,Female,35,46,63,3
591,592,Female,67,46,54,2
592,593,Male,78,47,91,3
593,594,Male,68,47,29,1
594,595,Male,89,48,33,1
595,596,Male,56,48,11,1
596,597,Female,68,48,91,3
597,598,Female,87,48,52,2
598,599,Male,56,48,45,2
599,600,Female,35,48,59,2
600,601,Female,67,49,72,3
601,602,Male,68,49,94,3
602,603,Female,76,50,75,3
603,604,Male,78,50,39,1
604,605,Female,80,54,48,2
605,606,Female,40,54,62,2
606,607,Female,58,54,92,0
607,608,Female,24,54,46,2
608,609,Male,45,54,49,2
609,610,Female,56,54,64,2
610,611,Female,79,54,60,2
611,612,Female,56,54,83,0
612,613,Female,78,54,74,3
613,614,Male,34,54,36,2
614,615,Male,54,54,67,2
615,616,Male,56,54,89,0
616,617,Female,67,57,84,0
617,618,Female,67,57,59,2
618,619,Female,45,58,66,2
619,620,Female,69,58,80,0
620,621,Male,24,59,73,0
621,622,Male,56,59,60,2
622,623,Male,45,60,83,0
623,624,Male,56,60,87,0
624,625,Male,57,60,79,0
625,626,Male,24,60,45,2
626,627,Female,45,60,67,2
627,628,Female,67,60,89,0
628,629,Female,67,61,25,1
629,630,Female,78,61,54,2
630,631,Female,56,62,56,2
631,632,Female,45,62,75,0
632,633,Male,68,62,74,0
633,634,Female,67,62,59,2
634,635,Male,60,62,60,2
635,636,Female,56,62,59,2
636,637,Female,45,63,63,2
637,638,Female,67,63,50,2
638,639,Male,68,63,73,0
639,640,Male,68,63,59,2
640,641,Female,57,63,43,2
641,642,Male,68,63,67,0
642,643,Male,68,64,83,0
643,644,Female,34,64,45,2
644,645,Male,45,65,69,0
645,646,Male,89,65,58,2
646,647,Female,56,65,79,0
647,648,Male,57,65,83,0
648,649,Female,67,67,45,2
649,650,Male,67,67,67,0
650,651,Female,34,67,88,0
651,652,Male,68,67,99,0
652,653,Female,78,69,36,2
653,654,Female,70,69,78,0
654,655,Male,45,70,56,2
655,656,Female,56,70,44,2
656,657,Male,67,71,44,2
657,658,Male,67,71,56,2
658,659,Female,34,71,86,0
659,660,Female,56,71,89,0
660,661,Female,45,71,90,0
661,662,Female,77,71,54,2
662,663,Female,55,72,43,2
663,664,Female,67,72,78,0
664,665,Female,78,73,46,2
665,666,Male,45,73,67,0
666,667,Male,67,73,67,0
667,668,Female,47,73,34,2
668,669,Female,56,74,35,2
669,670,Female,67,74,33,2
670,671,Female,43,75,67,0
671,672,Female,43,75,55,2
672,673,Female,45,76,65,0
673,674,Female,47,76,67,0
674,675,Female,54,77,78,0
675,676,Male,35,77,65,0
676,677,Female,77,77,54,2
677,678,Male,54,77,43,2
678,679,Female,43,78,6,5
679,680,Male,67,78,45,2
680,681,Female,43,78,75,0
681,682,Male,66,78,32,5
682,683,Female,54,78,65,0
683,684,Male,76,78,87,0
684,685,Male,43,78,32,5
685,686,Male,65,78,77,0
686,687,Female,78,78,43,2
687,688,Female,56,78,2,5
688,689,Male,34,78,54,2
689,690,Male,56,78,90,0
690,691,Female,67,79,65,0
691,692,Female,78,79,3,5
692,693,Male,35,81,76,0
693,694,Female,46,81,43,2
694,695,Male,68,85,23,5
695,696,Female,67,85,67,0
696,697,Female,47,86,89,0
697,698,Female,30,86,53,2
698,699,Male,44,87,89,0
699,700,Male,56,87,34,5
700,701,Female,59,87,57,0
701,702,Male,34,87,1,5
702,703,Female,45,87,78,0
703,704,Female,57,87,65,0
704,705,Male,67,88,89,0
705,706,Male,78,88,75,0
706,707,Male,30,88,76,0
707,708,Female,68,88,54,4
708,709,Female,44,93,33,5
709,710,Male,66,93,65,4
710,711,Female,78,97,88,0
711,712,Female,76,97,76,4
712,713,Female,40,98,43,5
713,714,Female,50,98,32,5
714,715,Female,36,99,75,4
715,716,Male,69,99,86,4
716,717,Male,56,101,56,4
717,718,Female,68,101,89,4
718,719,Female,58,103,55,4
719,720,Male,47,103,43,5
720,721,Female,39,103,33,5
721,722,Female,40,103,76,4
722,723,Male,38,113,43,4
723,724,Male,40,113,87,4
724,725,Female,68,120,54,4
725,726,Female,59,120,76,4
726,727,Male,67,126,43,4
727,728,Male,58,126,75,4
728,729,Male,40,137,68,4
729,730,Female,78,137,90,4
730,731,Female,45,126,87,4
731,732,Male,56,126,65,4
732,733,Male,57,126,3,5
733,734,Male,78,113,24,5
734,735,Male,67,113,56,4
735,736,Female,34,103,4,5
736,737,Female,34,120,67,4
737,738,Male,54,113,6,5
738,739,Female,65,103,78,4
739,740,Female,75,137,54,4
740,741,Female,78,137,33,4
741,742,Female,77,101,87,4
742,743,Female,45,101,99,0
743,744,Female,49,15,76,3
744,745,Male,43,15,54,3
745,746,Female,68,15,32,1
746,747,Female,90,15,4,1
747,748,Male,87,16,65,3
748,749,Female,43,16,87,3
749,750,Female,54,16,12,1
750,751,Male,33,17,34,1
751,752,Male,45,18,55,3
752,753,Male,67,18,78,3
753,754,Male,54,19,64,3
754,755,Male,45,19,78,3
755,756,Male,34,19,67,3
756,757,Female,34,20,5,1
757,758,Female,55,20,78,3
758,759,Male,67,21,75,3
759,760,Female,87,23,54,3
760,761,Female,54,23,43,1
761,762,Male,43,21,34,1
762,763,Male,87,21,3,1
763,764,Female,55,23,8,1
764,765,Female,43,24,66,3
765,766,Male,78,25,90,3
766,767,Female,65,23,90,3
767,768,Female,43,25,65,3
768,769,Male,89,24,43,1
769,770,Male,76,24,67,3
770,771,Male,65,24,54,3
771,772,Female,43,25,65,3
772,773,Female,76,25,43,1
773,774,Male,87,25,68,3
774,775,Male,55,28,34,1
775,776,Male,64,28,32,1
776,777,Female,78,29,56,3
777,778,Female,77,30,46,1
778,779,Female,54,33,78,3
779,780,Female,34,29,65,3
780,781,Male,65,29,3,1
781,782,Female,47,29,57,3
782,783,Male,50,28,80,3
783,784,Female,50,28,87,3
784,785,Female,54,30,67,3
785,786,Female,45,30,6,1
786,787,Male,33,30,54,3
787,788,Female,77,33,43,1
788,789,Male,42,37,34,1
789,790,Female,78,34,89,3
790,791,Male,43,37,78,3
791,792,Female,66,37,65,3
792,793,Female,32,34,87,3
793,794,Male,57,34,6,1
794,795,Male,54,34,65,3
795,796,Male,67,33,54,3
796,797,Male,33,33,77,3
797,798,Male,67,37,56,3
798,799,Female,55,37,54,3
799,800,Female,67,38,43,1
800,801,Male,69,39,77,3
801,802,Male,45,38,65,3
802,803,Male,45,38,89,3
803,804,Male,43,38,76,3
804,805,Female,65,39,54,3
805,806,Female,32,40,44,2
806,807,Male,54,40,32,1
807,808,Female,33,40,67,3
808,809,Female,32,49,54,2
809,810,Male,54,40,78,3
810,811,Female,54,39,77,3
811,812,Male,32,39,53,2
812,813,Female,56,42,67,3
813,814,Female,43,43,43,2
814,815,Female,65,42,33,1
815,816,Female,43,42,32,1
816,817,Male,34,42,6,1
817,818,Female,56,44,4,1
818,819,Female,44,44,7,1
819,820,Female,66,44,88,3
820,821,Female,43,44,60,3
821,822,Male,65,46,43,2
822,823,Male,40,46,23,1
823,824,Male,56,43,24,1
824,825,Female,45,43,12,1
825,826,Female,34,43,42,2
826,827,Female,34,46,42,2
827,828,Female,24,46,11,1
828,829,Male,34,47,45,2
829,830,Male,67,48,79,3
830,831,Male,88,48,90,3
831,832,Male,57,47,86,3
832,833,Female,87,46,65,3
833,834,Male,77,46,100,3
834,835,Female,67,47,57,2
835,836,Female,50,47,43,2
836,837,Female,55,48,45,2
837,838,Female,57,49,43,2
838,839,Female,87,49,57,2
839,840,Female,66,49,43,2
840,841,Male,46,48,89,3
841,842,Female,56,48,65,3
842,843,Male,34,50,43,2
843,844,Female,54,54,65,2
844,845,Female,67,57,43,2
845,846,Female,54,50,56,2
846,847,Male,33,50,43,2
847,848,Male,43,50,38,2
848,849,Female,65,54,23,1
849,850,Male,44,57,54,2
850,851,Male,65,57,33,2
851,852,Female,67,54,79,0
852,853,Male,35,54,54,2
853,854,Male,33,57,35,2
854,855,Female,87,57,32,1
855,856,Male,65,50,4,1
856,857,Female,43,54,86,0
857,858,Male,56,57,87,0
858,859,Female,64,58,65,2
859,860,Male,40,59,53,2
860,861,Female,56,60,4,1
861,862,Female,64,60,78,0
862,863,Male,78,60,75,0
863,864,Female,65,60,54,2
864,865,Male,43,59,33,2
865,866,Male,54,59,43,2
866,867,Female,54,58,43,2
867,868,Female,32,58,45,2
868,869,Female,43,58,43,2
869,870,Female,67,59,89,0
870,871,Female,64,59,86,0
871,872,Female,43,57,45,2
872,873,Female,23,50,54,2
873,874,Male,34,49,78,3
874,875,Male,56,57,26,1
875,876,Female,88,48,45,2
876,877,Female,54,46,15,1
877,878,Female,78,57,34,2
878,879,Female,67,34,67,3
879,880,Female,54,37,53,3
880,881,Female,78,30,42,1
881,882,Female,43,40,13,1
882,883,Female,56,61,56,2
883,884,Male,88,62,76,0
884,885,Female,54,63,53,2
885,886,Male,56,61,1,1
886,887,Female,54,61,67,2
887,888,Male,67,61,44,2
888,889,Female,54,63,79,0
889,890,Male,78,63,6,1
890,891,Female,88,62,24,1
891,892,Male,54,62,55,2
892,893,Male,47,63,4,1
893,894,Male,68,64,67,0
894,895,Female,87,65,6,1
895,896,Female,87,86,90,0
896,897,Male,53,67,57,2
897,898,Male,56,69,65,0
898,899,Female,56,70,34,2
899,900,Female,86,63,23,1
900,901,Male,54,69,54,2
901,902,Female,67,67,23,2
902,903,Male,43,65,23,2
903,904,Female,65,70,78,0
904,905,Female,43,70,76,0
905,906,Female,46,70,54,2
906,907,Male,78,65,78,0
907,908,Male,55,64,65,2
908,909,Female,75,63,55,2
909,910,Male,75,62,78,0
910,911,Female,87,69,64,0
911,912,Female,43,86,88,0
912,913,Male,67,65,54,2
913,914,Male,55,69,43,2
914,915,Male,42,64,68,0
915,916,Female,43,70,54,2
916,917,Female,58,71,99,0
917,918,Male,67,72,64,0
918,919,Female,55,73,43,2
919,920,Female,43,74,67,0
920,921,Female,68,75,54,2
921,922,Female,53,76,65,0
922,923,Female,56,76,90,0
923,924,Male,33,76,65,0
924,925,Male,56,76,53,2
925,926,Female,89,76,86,0
926,927,Female,76,74,34,2
927,928,Male,55,74,36,2
928,929,Female,43,75,56,2
929,930,Female,76,76,53,2
930,931,Male,54,74,78,0
931,932,Male,56,73,65,0
932,933,Female,89,73,43,2
933,934,Female,65,72,66,0
934,935,Male,43,72,44,2
935,936,Male,57,73,32,2
936,937,Male,55,71,56,2
937,938,Female,43,71,43,2
938,939,Female,57,72,42,2
939,940,Male,54,74,56,2
940,941,Male,78,73,68,0
941,942,Male,65,72,89,0
942,943,Male,44,71,65,0
943,944,Female,56,71,32,2
944,945,Female,54,71,54,2
945,946,Male,68,75,24,5
946,947,Female,54,75,57,2
947,948,Female,78,75,54,2
948,949,Female,65,76,66,0
949,950,Female,44,76,43,2
950,951,Female,79,77,78,0
951,952,Female,76,78,90,0
952,953,Male,54,79,55,2
953,954,Female,43,81,67,0
954,955,Female,32,81,54,2
955,956,Male,56,79,3,5
956,957,Female,54,79,24,5
957,958,Female,32,78,35,2
958,959,Male,44,79,6,5
959,960,Male,39,81,44,2
960,961,Male,68,81,58,0
961,962,Male,89,81,85,0
962,963,Male,66,78,67,0
963,964,Male,89,77,78,0
964,965,Female,78,78,64,0
965,966,Female,67,78,43,2
966,967,Male,57,78,45,2
967,968,Female,54,77,43,2
968,969,Female,64,77,79,0
969,970,Male,67,79,43,2
970,971,Male,65,81,34,5
971,972,Female,78,81,67,0
972,973,Female,55,79,44,2
973,974,Male,43,79,45,2
974,975,Female,68,81,43,2
975,976,Female,66,85,79,0
976,977,Male,38,85,8,5
977,978,Male,45,87,5,5
978,979,Male,67,88,36,5
979,980,Female,45,93,57,4
980,981,Female,54,97,68,4
981,982,Male,67,97,66,4
982,983,Male,43,87,44,5
983,984,Male,67,85,64,0
984,985,Female,54,87,43,5
985,986,Female,75,85,67,0
986,987,Female,76,97,57,4
987,988,Female,43,97,7,5
988,989,Male,66,81,5,5
989,990,Female,44,81,43,2
990,991,Male,56,88,78,0
991,992,Female,75,88,65,0
992,993,Female,44,93,43,5
993,994,Female,43,93,78,0
994,995,Male,56,81,54,2
995,996,Female,76,85,43,5
996,997,Male,45,85,32,5
997,998,Female,65,81,77,0
998,999,Male,43,93,54,4
999,1000,Female,55,93,35,5
1000,1001,Female,67,97,68,4
1001,1002,Male,54,98,32,5
1002,1003,Male,32,99,8,5
1003,1004,Male,32,101,87,0
1004,1005,Male,54,97,66,4
1005,1006,Male,36,98,88,0
1006,1007,Female,46,98,55,4
1007,1008,Female,32,97,89,0
1008,1009,Male,21,101,44,5
1009,1010,Male,34,101,43,5
1010,1011,Male,34,97,67,4
1011,1012,Male,55,99,54,4
1012,1013,Female,32,98,67,4
1013,1014,Female,23,97,44,5
1014,1015,Male,56,101,67,4
1015,1016,Female,54,101,56,4
1016,1017,Female,65,101,44,4
1017,1018,Male,33,101,43,5
1018,1019,Female,54,88,68,0
1019,1020,Male,43,81,99,0
1020,1021,Female,66,85,76,0
1021,1022,Female,53,85,65,0
1022,1023,Female,65,85,54,2
1023,1024,Female,34,81,43,2
1024,1025,Male,50,81,34,5
1025,1026,Female,43,81,77,0
1026,1027,Female,56,87,88,0
1027,1028,Female,45,87,54,2
1028,1029,Female,43,87,34,5
1029,1030,Male,56,88,23,5
1030,1031,Male,53,88,44,5
1031,1032,Male,34,93,22,5
1032,1033,Female,56,103,45,4
1033,1034,Female,54,103,78,4
1034,1035,Female,76,103,56,4
1035,1036,Female,54,101,78,4
1036,1037,Male,34,101,9,5
1037,1038,Male,56,113,98,4
1038,1039,Male,54,113,10,5
1039,1040,Male,56,120,5,5
1040,1041,Female,43,120,57,4
1041,1042,Male,54,101,45,4
1042,1043,Female,54,103,34,5
1043,1044,Male,66,113,90,4
1044,1045,Female,64,120,35,5
1045,1046,Female,43,120,89,4
1046,1047,Female,67,120,24,5
1047,1048,Male,64,113,78,4
1048,1049,Male,77,113,39,4
1049,1050,Male,45,126,81,4
1050,1051,Male,34,137,6,5
1051,1052,Female,34,137,77,4
1052,1053,Male,67,137,40,4
1053,1054,Female,54,137,76,4
1054,1055,Female,65,126,6,5
1055,1056,Female,43,126,94,4
1056,1057,Male,75,126,3,5
1057,1058,Male,35,103,72,4
1058,1059,Female,43,103,14,5
1059,1060,Male,65,103,99,0
1060,1061,Male,54,113,15,5
1061,1062,Female,43,113,77,4
1062,1063,Female,75,120,13,5
1063,1064,Male,75,120,79,4
1064,1065,Female,54,126,35,4
1065,1066,Female,35,126,66,4
1066,1067,Female,45,137,29,5
1067,1068,Female,34,137,98,4
1068,1069,Male,33,101,35,5
1069,1070,Male,64,103,73,4
1070,1071,Male,23,103,5,5
1071,1072,Female,43,137,73,4
1072,1073,Female,45,126,14,5
1073,1074,Female,53,120,82,4
1074,1075,Female,55,120,32,5
1075,1076,Female,54,15,61,3
1076,1077,Female,76,16,31,1
1077,1078,Female,54,17,87,3
1078,1079,Female,43,15,4,1
1079,1080,Male,75,16,73,3
1080,1081,Female,54,17,4,1
1081,1082,Female,54,15,92,3
1082,1083,Male,54,16,14,1
1083,1084,Female,34,17,81,3
1084,1085,Female,67,18,17,1
1085,1086,Male,53,19,73,3
1086,1087,Male,64,20,26,1
1087,1088,Male,46,18,75,3
1088,1089,Male,75,19,35,1
1089,1090,Male,45,20,92,3
1090,1091,Male,67,18,36,1
1091,1092,Female,65,19,61,3
1092,1093,Female,86,20,28,1
1093,1094,Male,54,21,65,3
1094,1095,Female,33,23,55,3
1095,1096,Female,30,24,47,3
1096,1097,Male,76,21,42,1
1097,1098,Male,78,23,42,1
1098,1099,Female,64,24,52,3
1099,1100,Female,32,21,60,3
1100,1101,Male,54,23,54,3
1101,1102,Female,54,24,60,3
1102,1103,Female,76,25,45,1
1103,1104,Male,67,28,41,1
1104,1105,Male,50,19,50,3
1105,1106,Male,56,25,46,3
1106,1107,Female,45,28,51,3
1107,1108,Female,43,29,46,3
1108,1109,Male,67,25,56,3
1109,1110,Male,75,28,55,3
1110,1111,Male,34,29,52,3
1111,1112,Female,67,30,59,3
1112,1113,Female,56,33,51,3
1113,1114,Male,65,34,59,3
1114,1115,Female,76,30,50,3
1115,1116,Female,56,33,48,3
1116,1117,Male,54,34,59,3
1117,1118,Female,32,30,47,3
1118,1119,Female,34,33,55,3
1119,1120,Male,45,34,42,1
1120,1121,Male,43,37,49,2
1121,1122,Male,56,38,56,3
1122,1123,Male,32,39,47,2
1123,1124,Male,23,37,54,3
1124,1125,Male,45,38,53,3
1125,1126,Female,43,39,48,2
1126,1127,Female,67,37,52,3
1127,1128,Male,43,38,42,1
1128,1129,Female,68,39,51,3
1129,1130,Female,89,40,55,3
1130,1131,Male,65,42,41,1
1131,1132,Male,43,43,44,2
1132,1133,Female,54,40,57,3
1133,1134,Female,76,42,46,1
1134,1135,Male,45,43,58,3
1135,1136,Female,34,40,55,3
1136,1137,Female,55,42,60,3
1137,1138,Male,54,43,46,2
1138,1139,Male,76,44,55,3
1139,1140,Male,54,46,41,2
1140,1141,Female,76,47,49,2
1141,1142,Female,54,44,40,2
1142,1143,Male,43,46,42,2
1143,1144,Male,56,47,52,2
1144,1145,Male,54,44,47,2
1145,1146,Female,23,46,50,2
1146,1147,Female,43,47,42,2
1147,1148,Male,54,48,49,2
1148,1149,Female,50,49,41,2
1149,1150,Female,27,50,48,2
1150,1151,Male,38,48,59,2
1151,1152,Female,40,49,55,2
1152,1153,Female,39,50,56,2
1153,1154,Male,23,48,42,2
1154,1155,Male,31,49,50,2
1155,1156,Male,43,50,46,2
1156,1157,Male,40,54,43,2
1157,1158,Male,59,57,48,2
1158,1159,Male,38,58,52,2
1159,1160,Female,47,54,54,2
1160,1161,Female,39,57,42,2
1161,1162,Male,25,58,46,2
1162,1163,Female,31,54,48,2
1163,1164,Female,20,57,50,2
1164,1165,Male,29,58,43,2
1165,1166,Male,44,59,59,2
1166,1167,Female,32,60,43,2
1167,1168,Female,19,61,57,2
1168,1169,Male,35,59,56,2
1169,1170,Female,57,60,40,2
1170,1171,Female,32,61,58,2
1171,1172,Male,28,59,91,0
1172,1173,Male,32,60,29,2
1173,1174,Male,25,61,77,0
1174,1175,Female,28,62,35,2
1175,1176,Female,48,63,95,0
1176,1177,Male,32,64,11,5
1177,1178,Male,34,62,75,0
1178,1179,Male,34,63,9,1
1179,1180,Female,43,64,75,0
1180,1181,Female,39,62,34,2
1181,1182,Male,44,63,71,0
1182,1183,Female,38,64,5,1
1183,1184,Female,47,65,88,0
1184,1185,Male,27,67,7,5
1185,1186,Female,37,69,73,0
1186,1187,Female,30,65,10,5
1187,1188,Male,34,67,72,0
1188,1189,Male,30,69,5,5
1189,1190,Male,56,65,93,0
1190,1191,Male,29,57,40,2
1191,1192,Male,19,67,87,0
1192,1193,Male,31,69,12,5
1193,1194,Female,50,70,97,0
1194,1195,Female,36,71,36,2
1195,1196,Male,42,69,74,0
1196,1197,Female,33,70,22,5
1197,1198,Female,36,71,90,0
1198,1199,Male,32,69,17,5
1199,1200,Male,40,70,88,0
1200,1201,Female,28,71,20,5
1201,1202,Female,36,72,76,0
1202,1203,Male,36,73,16,5
1203,1204,Female,52,74,89,0
1204,1205,Female,30,72,1,5
1205,1206,Male,58,73,78,0
1206,1207,Male,27,74,1,5
1207,1208,Male,59,72,73,0
1208,1209,Female,35,73,35,2
1209,1210,Female,37,74,83,0
1210,1211,Male,32,75,5,5
1211,1212,Male,46,76,93,0
1212,1213,Male,29,77,26,5
1213,1214,Female,41,75,75,0
1214,1215,Female,30,76,20,5
1215,1216,Male,54,77,95,0
1216,1217,Female,28,75,27,5
1217,1218,Female,41,76,63,0
1218,1219,Male,36,77,13,5
1219,1220,Female,34,78,75,0
1220,1221,Female,32,79,10,5
1221,1222,Male,33,81,92,0
1222,1223,Male,38,78,13,5
1223,1224,Male,47,79,86,0
1224,1225,Male,35,81,15,5
1225,1226,Male,45,78,69,0
1226,1227,Male,32,79,14,5
1227,1228,Female,32,81,90,0
1228,1229,Female,30,85,32,5
1229,1230,Male,32,87,86,0
1230,1231,Female,45,88,15,5
1231,1232,Female,34,85,88,0
1232,1233,Male,44,87,39,5
1233,1234,Male,23,88,97,0
1234,1235,Female,23,85,24,5
1235,1236,Female,24,87,68,0
1236,1237,Male,67,88,17,5
1237,1238,Female,34,93,85,0
1238,1239,Female,67,97,23,5
1239,1240,Male,67,98,69,4
1240,1241,Male,58,93,8,5
1241,1242,Male,55,97,91,0
1242,1243,Female,45,98,16,5
1243,1244,Female,34,93,79,0
1244,1245,Male,34,97,28,5
1245,1246,Male,33,98,74,4
1246,1247,Male,24,99,18,5
1247,1248,Female,56,101,83,4
1248,1249,Female,32,103,21,5
1249,1250,Male,70,99,42,5
1250,1251,Female,67,101,33,5
1251,1252,Female,32,103,44,5
1252,1253,Male,45,99,58,4
1253,1254,Female,23,101,69,4
1254,1255,Female,24,103,73,4
1255,1256,Male,67,113,48,4
1256,1257,Male,56,120,69,4
1257,1258,Male,45,126,100,4
1258,1259,Male,44,137,45,4
1259,1260,Male,34,113,22,5
1260,1261,Male,78,120,67,4
1261,1262,Female,44,126,58,4
1262,1263,Female,39,137,45,4
1263,1264,Male,68,113,13,5
1264,1265,Female,89,120,15,5
1265,1266,Female,66,126,18,5
1266,1267,Male,89,137,30,4
1267,1268,Male,78,113,54,4
1268,1269,Female,67,120,68,4
1269,1270,Female,57,126,57,4
1270,1271,Male,54,137,89,4
1271,1272,Female,64,113,37,5
1272,1273,Female,67,120,48,4
1273,1274,Male,65,126,10,5
1274,1275,Male,78,137,3,5
1275,1276,Male,55,103,27,5
1276,1277,Female,43,103,49,4
1277,1278,Female,68,103,50,4
1278,1279,Male,66,101,46,4
1279,1280,Male,38,101,10,5
1280,1281,Male,45,101,2,5
1281,1282,Female,67,103,6,5
1282,1283,Female,45,99,36,5
1283,1284,Male,54,98,49,4
1284,1285,Female,67,97,17,5
1285,1286,Female,43,99,59,4
1286,1287,Male,67,98,69,4
1287,1288,Female,54,97,89,0
1288,1289,Female,75,44,79,3
1289,1290,Male,76,67,5,1
1290,1291,Male,43,34,67,3
1291,1292,Male,66,57,4,1
1292,1293,Male,44,86,56,2
1293,1294,Male,56,69,41,2
1294,1295,Male,75,33,45,1
1295,1296,Female,44,34,29,1
1296,1297,Female,43,21,20,1
1297,1298,Male,56,23,8,1
1298,1299,Female,76,19,38,1
1299,1300,Female,45,18,27,1
1300,1301,Male,65,63,14,1
1301,1302,Male,43,97,19,5
1302,1303,Female,55,93,50,4
1303,1304,Female,67,59,39,2
1304,1305,Male,54,47,58,2
1305,1306,Female,32,48,67,3
1306,1307,Female,32,44,59,2
1307,1308,Male,54,43,89,3
1308,1309,Male,36,40,90,3
1309,1310,Male,46,33,99,3
1310,1311,Female,32,34,94,3
1311,1312,Female,21,39,67,3
1312,1313,Male,34,42,35,1
1313,1314,Male,34,50,47,2
1314,1315,Male,55,54,21,1
1315,1316,Female,32,57,14,1
1316,1317,Female,23,57,2,1
1317,1318,Male,56,137,4,5
1318,1319,Female,54,101,9,5
1319,1320,Female,65,101,5,5
1320,1321,Male,33,126,33,5
1321,1322,Female,54,120,45,4
1322,1323,Female,43,71,67,0
1323,1324,Male,66,72,55,2
1324,1325,Male,53,73,79,0
1325,1326,Male,65,74,74,0
1326,1327,Male,34,74,99,0
1327,1328,Male,50,75,94,0
1328,1329,Male,43,76,15,5
1329,1330,Female,56,77,13,5
1330,1331,Female,45,78,16,5
1331,1332,Male,43,79,11,5
1332,1333,Female,56,81,10,5
1333,1334,Female,53,85,48,2
1334,1335,Male,34,87,37,5
1335,1336,Male,56,87,69,0
1336,1337,Female,54,85,56,2
1337,1338,Female,76,81,43,2
1338,1339,Male,54,88,97,0
1339,1340,Female,34,93,56,4
1340,1341,Female,56,97,78,4
1341,1342,Male,54,98,25,5
1342,1343,Male,56,99,37,5
1343,1344,Male,43,101,56,4
1344,1345,Female,54,30,89,3
1345,1346,Female,54,33,67,3
1346,1347,Male,66,34,10,1
1347,1348,Male,64,37,78,3
1348,1349,Male,43,79,58,2
1349,1350,Female,67,25,39,1
1350,1351,Female,64,23,2,1
1351,1352,Male,77,18,78,3
1352,1353,Female,45,17,39,1
1353,1354,Female,34,16,78,3
1354,1355,Male,34,15,90,3
1355,1356,Female,67,57,49,2
1356,1357,Female,54,87,28,5
1357,1358,Male,65,85,47,2
1358,1359,Male,43,85,25,5
1359,1360,Male,75,75,67,0
1360,1361,Male,35,88,78,0
1361,1362,Male,43,93,39,5
1362,1363,Male,65,97,12,5
1363,1364,Female,54,99,14,5
1364,1365,Female,43,98,23,5
1365,1366,Male,75,97,35,5
1366,1367,Female,75,98,46,4
1367,1368,Female,54,113,57,4
1368,1369,Male,35,126,68,4
1369,1370,Male,45,78,79,0
1370,1371,Female,34,77,80,0
1371,1372,Female,33,47,91,3
1372,1373,Male,64,40,13,1
1373,1374,Female,23,42,24,1
1374,1375,Female,43,43,33,1
1375,1376,Male,45,19,48,3
1376,1377,Male,53,20,57,3
1377,1378,Male,55,21,62,3
1378,1379,Female,54,23,59,3
1379,1380,Female,76,24,70,3
1380,1381,Male,54,28,79,3
1381,1382,Male,43,87,10,5
1382,1383,Male,75,120,4,5
1383,1384,Female,54,137,8,5
1384,1385,Female,54,88,57,0
1385,1386,Male,54,23,90,3
1386,1387,Female,34,25,46,3
1387,1388,Female,67,38,55,3
1388,1389,Male,53,39,78,3
1389,1390,Female,64,42,57,3
1390,1391,Female,46,15,10,1
1391,1392,Male,75,40,47,1
1392,1393,Male,45,46,39,2
1393,1394,Male,67,57,20,1
1394,1395,Male,65,87,30,5
1395,1396,Male,86,85,48,2
1396,1397,Male,54,98,46,4
1397,1398,Female,33,28,88,3
1398,1399,Female,30,29,74,3
1399,1400,Male,76,38,48,1
1400,1401,Female,78,40,39,1
1401,1402,Female,64,23,20,1
1402,1403,Male,32,21,22,1
1403,1404,Male,54,113,90,4
1404,1405,Female,54,103,38,5
1405,1406,Female,76,93,29,5
1406,1407,Male,67,97,48,4
1407,1408,Female,50,25,18,1
1408,1409,Female,56,28,11,1
1409,1410,Male,45,37,14,1
1410,1411,Male,43,42,27,1
1411,1412,Male,67,47,53,2
1412,1413,Female,75,24,46,1
1413,1414,Female,34,23,25,1
1414,1415,Male,67,19,3,1
1415,1416,Male,56,23,5,1
1416,1417,Male,65,48,38,1
1417,1418,Female,76,50,63,3
1418,1419,Female,56,54,22,1
1419,1420,Female,54,60,18,1
1420,1421,Male,32,113,37,5
1421,1422,Male,34,120,28,5
1422,1423,Female,45,126,94,4
1423,1424,Female,43,88,70,0
1424,1425,Male,56,93,59,4
1425,1426,Male,32,97,78,0
1426,1427,Male,23,40,10,1
1427,1428,Female,45,43,11,1
1428,1429,Female,43,48,35,2
1429,1430,Male,67,50,57,2
1430,1431,Female,43,30,69,3
1431,1432,Female,68,28,29,1
1432,1433,Male,89,20,20,1
1433,1434,Male,65,18,18,1
1434,1435,Female,43,17,73,3
1435,1436,Female,54,38,11,1
1436,1437,Male,76,69,49,2
1437,1438,Female,45,70,70,0
1438,1439,Female,34,75,70,0
1439,1440,Male,55,79,49,2
1440,1441,Male,54,87,28,5
1441,1442,Female,76,93,56,4
1442,1443,Female,54,88,3,5
1443,1444,Male,76,137,87,4
1444,1445,Female,54,29,67,3
1445,1446,Female,43,38,89,3
1446,1447,Male,56,54,12,1
1447,1448,Male,54,47,22,1
1448,1449,Female,23,50,57,2
1449,1450,Male,43,60,66,2
1450,1451,Female,54,30,34,1
1451,1452,Male,50,20,77,3
1452,1453,Female,27,18,34,1
1453,1454,Male,38,15,89,3
1454,1455,Female,40,93,67,0
1455,1456,Male,39,57,4,1
1456,1457,Female,23,77,8,5
1457,1458,Male,31,85,79,0
1458,1459,Female,43,87,11,5
1459,1460,Male,40,103,73,4
1460,1461,Female,59,120,45,4
1461,1462,Male,38,97,79,0
1462,1463,Female,47,88,90,0
1463,1464,Male,39,44,94,3
1464,1465,Female,25,23,99,3
1465,1466,Male,31,19,100,3
1466,1467,Female,20,71,67,0
1467,1468,Male,29,59,89,0
1468,1469,Female,44,59,36,2
1469,1470,Male,32,60,57,2
1470,1471,Female,19,60,38,2
1471,1472,Male,35,60,28,2
1472,1473,Female,57,60,79,0
1473,1474,Male,32,60,67,2
1474,1475,Female,28,60,23,2
1475,1476,Male,32,61,34,2
1476,1477,Female,25,61,60,2
1477,1478,Male,28,62,13,1
1478,1479,Female,48,62,67,2
1479,1480,Female,32,62,10,1
1480,1481,Male,34,62,45,2
1481,1482,Male,34,62,78,0
1482,1483,Male,43,62,44,2
1483,1484,Male,39,63,99,0
1484,1485,Male,44,63,68,0
1485,1486,Female,38,63,26,2
1486,1487,Female,47,63,90,0
1487,1488,Female,27,63,49,2
1488,1489,Male,37,63,34,2
1489,1490,Male,30,64,99,0
1490,1491,Male,34,64,56,2
1491,1492,Male,30,65,35,2
1492,1493,Male,56,65,8,1
1493,1494,Female,29,65,78,0
1494,1495,Female,19,65,89,0
1495,1496,Male,31,67,34,2
1496,1497,Female,50,67,67,0
1497,1498,Female,36,67,56,2
1498,1499,Male,42,67,79,0
1499,1500,Male,33,69,67,0
1500,1501,Male,36,69,3,5
1501,1502,Female,32,70,57,2
1502,1503,Female,44,70,89,0
1503,1504,Male,39,71,23,5
1504,1505,Female,68,71,89,0
1505,1506,Female,89,71,89,0
1506,1507,Female,66,71,24,5
1507,1508,Female,89,71,13,5
1508,1509,Female,78,71,35,2
1509,1510,Female,67,72,89,0
1510,1511,Female,57,72,46,2
1511,1512,Male,54,73,89,0
1512,1513,Male,64,73,13,5
1513,1514,Male,67,73,12,5
1514,1515,Male,65,73,89,0
1515,1516,Male,78,74,54,2
1516,1517,Male,55,74,43,2
1517,1518,Female,43,75,22,5
1518,1519,Female,68,75,98,0
1519,1520,Female,66,76,45,2
1520,1521,Female,38,76,77,0
1521,1522,Male,45,77,69,0
1522,1523,Male,67,77,54,2
1523,1524,Female,45,77,27,5
1524,1525,Female,54,77,67,0
1525,1526,Male,67,78,88,0
1526,1527,Female,43,78,45,2
1527,1528,Female,67,78,78,0
1528,1529,Male,54,78,34,5
1529,1530,Male,75,78,68,0
1530,1531,Male,76,78,12,5
1531,1532,Female,43,78,87,0
1532,1533,Female,66,78,68,0
1533,1534,Male,44,78,89,0
1534,1535,Male,56,78,89,0
1535,1536,Male,75,78,23,5
1536,1537,Female,44,78,80,0
1537,1538,Female,43,79,57,2
1538,1539,Male,56,79,23,5
1539,1540,Female,76,81,89,0
1540,1541,Female,45,81,89,0
1541,1542,Male,65,85,34,5
1542,1543,Female,43,85,67,0
1543,1544,Female,55,86,89,0
1544,1545,Male,67,86,45,5
1545,1546,Male,54,87,90,0
1546,1547,Male,32,87,35,5
1547,1548,Male,32,87,79,0
1548,1549,Male,54,87,90,0
1549,1550,Male,36,87,24,5
1550,1551,Female,46,87,78,0
1551,1552,Female,32,88,34,5
1552,1553,Male,21,88,65,0
1553,1554,Female,34,88,87,0
1554,1555,Female,34,88,23,5
1555,1556,Male,55,93,45,5
1556,1557,Male,32,93,66,0
1557,1558,Female,23,97,24,5
1558,1559,Female,56,97,78,4
1559,1560,Male,54,98,98,0
1560,1561,Female,65,98,65,4
1561,1562,Female,33,99,43,5
1562,1563,Male,54,99,56,4
1563,1564,Male,43,101,89,0
1564,1565,Male,66,101,67,4
1565,1566,Female,53,103,43,5
1566,1567,Female,65,103,56,4
1567,1568,Male,34,103,55,4
1568,1569,Male,50,103,87,4
1569,1570,Male,43,113,98,4
1570,1571,Female,56,113,36,5
1571,1572,Female,45,120,57,4
1572,1573,Male,43,120,89,4
1573,1574,Female,56,126,34,5
1574,1575,Female,53,126,78,4
1575,1576,Male,34,137,64,4
1576,1577,Female,56,137,73,4
1577,1578,Female,54,126,84,4
1578,1579,Male,76,126,89,4
1579,1580,Male,54,126,65,4
1580,1581,Male,34,113,55,4
1581,1582,Male,56,113,77,4
1582,1583,Male,54,103,89,4
1583,1584,Male,56,120,90,4
1584,1585,Female,43,113,50,4
1585,1586,Female,54,103,30,5
1586,1587,Male,54,137,54,4
1587,1588,Female,66,137,43,4
1588,1589,Female,64,101,37,5
1589,1590,Male,43,101,92,0
1590,1591,Male,67,15,95,3
1591,1592,Female,64,15,60,3
1592,1593,Female,77,20,97,3
1593,1594,Male,45,17,64,3
1594,1595,Female,34,18,66,3
1595,1596,Female,34,19,77,3
1596,1597,Male,67,21,89,3
1597,1598,Male,54,16,54,3
1598,1599,Male,65,23,78,3
1599,1600,Female,43,25,98,3
1600,1601,Female,75,30,77,3
1601,1602,Female,35,28,66,3
1602,1603,Male,43,29,44,1
1603,1604,Male,65,23,56,3
1604,1605,Male,54,21,59,3
1605,1606,Female,43,19,69,3
1606,1607,Female,75,25,89,3
1607,1608,Female,75,29,79,3
1608,1609,Female,54,23,5,1
1609,1610,Female,35,33,67,3
1610,1611,Male,45,34,4,1
1611,1612,Male,34,37,56,3
1612,1613,Female,33,39,41,2
1613,1614,Female,64,38,45,1
1614,1615,Male,23,33,29,1
1615,1616,Female,43,40,20,1
1616,1617,Female,45,39,8,1
1617,1618,Male,53,44,38,1
1618,1619,Male,55,42,27,1
1619,1620,Male,54,50,14,1
1620,1621,Female,76,47,19,1
1621,1622,Female,54,44,50,2
1622,1623,Male,43,46,39,2
1623,1624,Male,75,48,58,2
1624,1625,Male,54,49,67,3
1625,1626,Female,54,54,59,2
1626,1627,Female,54,57,89,0
1627,1628,Male,34,49,90,3
1628,1629,Female,67,85,99,0
1629,1630,Female,53,137,94,4
1630,1631,Male,64,101,67,4
1631,1632,Female,46,99,35,5
1632,1633,Female,75,93,47,4
1633,1634,Male,45,88,21,5
1634,1635,Male,67,87,14,5
1635,1636,Male,65,63,2,1
1636,1637,Male,86,70,4,5
1637,1638,Male,54,75,9,5
1638,1639,Male,33,77,5,5
1639,1640,Female,30,58,33,2
1640,1641,Female,76,48,45,2
1641,1642,Male,78,42,67,3
1642,1643,Female,64,30,55,3
1643,1644,Female,32,69,79,0
1644,1645,Male,54,63,74,0
1645,1646,Male,54,71,99,0
1646,1647,Female,76,75,94,0
1647,1648,Female,67,78,15,5
1648,1649,Male,50,79,13,5
1649,1650,Female,56,81,16,5
1650,1651,Female,45,75,11,5
1651,1652,Male,43,60,10,1
1652,1653,Male,67,61,48,2
1653,1654,Male,75,59,37,2
1654,1655,Female,34,101,69,4
1655,1656,Female,67,113,56,4
1656,1657,Male,56,120,43,4
1657,1658,Male,65,137,97,4
1658,1659,Male,76,93,56,4
1659,1660,Female,56,63,78,0
1660,1661,Female,54,42,25,1
1661,1662,Male,32,57,37,2
1662,1663,Female,34,71,56,2
1663,1664,Female,45,77,89,0
1664,1665,Male,43,81,67,0
1665,1666,Female,56,62,10,1
1666,1667,Female,32,59,78,0
1667,1668,Male,23,37,58,3
1668,1669,Male,45,33,39,1
1669,1670,Male,43,40,2,1
1670,1671,Male,67,24,78,3
1671,1672,Male,43,23,39,1
1672,1673,Male,68,40,78,3
1673,1674,Female,89,78,90,0
1674,1675,Female,65,64,49,2
1675,1676,Male,43,79,28,5
1676,1677,Female,54,29,47,3
1677,1678,Female,76,57,25,1
1678,1679,Male,45,49,67,3
1679,1680,Male,34,79,78,0
1680,1681,Female,55,81,39,2
1681,1682,Female,54,113,12,5
1682,1683,Male,76,137,14,5
1683,1684,Female,54,120,23,5
1684,1685,Female,76,98,35,5
1685,1686,Female,35,99,46,5
1686,1687,Female,39,42,57,3
1687,1688,Male,29,46,68,3
1688,1689,Male,28,103,79,4
1689,1690,Male,46,103,80,4
1690,1691,Female,59,103,91,4
1691,1692,Female,35,101,13,5
1692,1693,Male,48,101,24,5
1693,1694,Female,44,113,33,5
1694,1695,Female,40,113,48,4
1695,1696,Male,49,120,57,4
1696,1697,Female,19,120,62,4
1697,1698,Female,50,101,59,4
1698,1699,Male,69,103,70,4
1699,1700,Male,47,113,79,4
1700,1701,Male,68,120,10,5
1701,1702,Male,39,120,4,5
1702,1703,Male,27,120,8,5
1703,1704,Male,48,113,57,4
1704,1705,Female,69,113,90,4
1705,1706,Female,60,126,46,4
1706,1707,Male,36,137,55,4
1707,1708,Female,80,137,78,4
1708,1709,Female,56,137,57,4
1709,1710,Male,65,137,10,5
1710,1711,Male,24,126,47,4
1711,1712,Female,44,126,39,4
1712,1713,Female,38,126,20,5
1713,1714,Male,66,103,30,5
1714,1715,Female,77,103,48,4
1715,1716,Female,19,103,46,5
1716,1717,Male,69,113,88,4
1717,1718,Male,50,113,74,4
1718,1719,Male,38,120,48,4
1719,1720,Female,69,120,39,4
1720,1721,Female,78,126,20,5
1721,1722,Male,70,126,22,5
1722,1723,Male,85,137,90,4
1723,1724,Male,75,137,38,4
1724,1725,Female,84,101,29,5
1725,1726,Female,83,103,48,4
1726,1727,Female,68,103,18,5
1727,1728,Male,67,137,11,5
1728,1729,Male,66,126,14,5
1729,1730,Female,28,99,27,5
1730,1731,Female,55,98,53,4
1731,1732,Male,77,97,46,4
1732,1733,Male,74,98,25,5
1733,1734,Male,74,113,3,5
1734,1735,Female,75,126,5,5
1735,1736,Female,79,78,38,2
1736,1737,Male,68,77,63,0
1737,1738,Male,64,47,22,1
1738,1739,Male,63,40,18,1
1739,1740,Female,66,42,37,1
1740,1741,Female,60,43,28,1
1741,1742,Male,59,19,94,3
1742,1743,Female,48,20,70,3
1743,1744,Female,26,21,59,3
1744,1745,Male,28,23,78,3
1745,1746,Female,19,24,10,1
1746,1747,Female,20,28,11,1
1747,1748,Male,24,87,35,5
1748,1749,Male,38,120,57,4
1749,1750,Male,57,137,69,4
1750,1751,Male,46,88,29,5
1751,1752,Male,29,23,20,1
1752,1753,Male,44,25,18,1
1753,1754,Female,30,38,73,3
1754,1755,Female,66,39,11,1
1755,1756,Male,57,42,49,2
1756,1757,Female,66,15,70,3
1757,1758,Female,49,40,70,3
1758,1759,Male,57,46,49,2
1759,1760,Male,29,57,28,2
1760,1761,Female,46,87,56,0
1761,1762,Female,59,85,3,5
1762,1763,Male,77,98,87,4
1763,1764,Female,47,28,67,3
1764,1765,Female,54,29,89,3
1765,1766,Male,76,38,12,1
1766,1767,Male,67,40,22,1
1767,1768,Male,50,23,57,3
1768,1769,Female,56,21,66,3
1769,1770,Female,45,113,34,5
1770,1771,Male,43,103,77,4
1771,1772,Male,67,93,34,5
1772,1773,Male,75,97,89,0
1773,1774,Female,34,25,67,3
1774,1775,Female,67,28,4,1
1775,1776,Female,56,37,8,1
1776,1777,Male,65,42,79,3
1777,1778,Male,76,47,11,1
1778,1779,Female,56,24,73,3
1779,1780,Female,54,23,45,1
1780,1781,Male,32,19,79,3
1781,1782,Male,34,23,90,3
1782,1783,Male,45,48,94,3
1783,1784,Female,43,50,99,0
1784,1785,Female,56,54,100,0
1785,1786,Male,32,60,67,2
1786,1787,Male,23,113,89,4
1787,1788,Female,45,120,36,5
1788,1789,Female,43,126,57,4
1789,1790,Male,67,88,38,5
1790,1791,Female,43,93,28,5
1791,1792,Female,68,97,79,4
1792,1793,Male,89,40,67,3
1793,1794,Male,65,43,23,1
1794,1795,Male,43,48,34,2
1795,1796,Female,54,50,60,2
1796,1797,Female,76,30,13,1
1797,1798,Male,45,28,67,3
1798,1799,Male,34,20,10,1
1799,1800,Male,55,18,45,3
1800,1801,Female,54,17,78,3
1801,1802,Female,76,38,44,1
1802,1803,Male,54,69,99,0
1803,1804,Female,76,70,68,0
1804,1805,Female,54,75,26,5
1805,1806,Male,43,79,90,0
1806,1807,Female,56,87,49,2
1807,1808,Female,54,93,34,5
1808,1809,Male,23,88,99,0
1809,1810,Male,43,137,56,4
1810,1811,Male,54,29,35,1
1811,1812,Male,50,38,8,1
1812,1813,Male,27,54,78,0
1813,1814,Male,38,47,89,3
1814,1815,Female,40,50,34,2
1815,1816,Female,39,60,67,2
1816,1817,Male,23,30,56,3
1817,1818,Female,31,20,79,3
1818,1819,Female,43,18,67,3
1819,1820,Male,40,15,3,1
1820,1821,Male,59,48,57,2
1821,1822,Female,38,49,89,3
1822,1823,Female,47,54,23,1
1823,1824,Male,39,57,89,0
1824,1825,Female,25,49,89,3
1825,1826,Female,31,85,24,5
1826,1827,Male,20,137,13,5
1827,1828,Male,29,101,35,5
1828,1829,Male,44,99,89,0
1829,1830,Female,32,93,46,5
1830,1831,Female,19,88,89,0
1831,1832,Female,35,87,13,5
1832,1833,Male,57,63,12,1
1833,1834,Male,32,70,89,0
1834,1835,Male,28,75,54,2
1835,1836,Female,32,77,43,2
1836,1837,Female,25,58,22,2
1837,1838,Female,28,48,98,3
1838,1839,Female,48,42,45,2
1839,1840,Female,32,30,77,3
1840,1841,Male,34,69,69,0
1841,1842,Male,34,63,54,2
1842,1843,Female,43,71,27,2
1843,1844,Female,39,75,67,0
1844,1845,Male,44,78,88,0
1845,1846,Female,38,79,45,2
1846,1847,Female,47,81,78,0
1847,1848,Male,27,75,34,2
1848,1849,Male,37,60,68,2
1849,1850,Male,30,61,12,1
1850,1851,Female,34,59,87,0
1851,1852,Female,30,101,68,4
1852,1853,Male,56,113,89,4
1853,1854,Male,29,120,89,4
1854,1855,Male,19,137,23,5
1855,1856,Female,31,93,80,0
1856,1857,Female,50,63,57,2
1857,1858,Male,36,42,23,1
1858,1859,Female,42,57,89,0
1859,1860,Female,33,71,89,0
1860,1861,Male,36,77,34,2
1861,1862,Female,32,81,67,0
1862,1863,Female,44,62,89,0
1863,1864,Male,39,59,45,2
1864,1865,Male,68,37,90,3
1865,1866,Male,89,33,35,1
1866,1867,Male,66,40,79,3
1867,1868,Male,89,24,90,3
1868,1869,Male,78,23,24,1
1869,1870,Female,67,40,78,3
1870,1871,Female,57,78,34,5
1871,1872,Male,54,64,65,2
1872,1873,Female,64,79,87,0
1873,1874,Female,67,29,23,1
1874,1875,Male,65,57,45,2
1875,1876,Male,78,49,66,3
1876,1877,Female,55,79,24,5
1877,1878,Female,43,81,78,0
1878,1879,Male,68,113,98,4
1879,1880,Female,66,137,65,4
1880,1881,Female,38,120,43,4
1881,1882,Male,45,98,56,4
1882,1883,Male,67,99,89,0
1883,1884,Male,45,79,67,0
1884,1885,Female,54,25,43,1
1885,1886,Female,67,23,56,3
1886,1887,Male,43,18,55,3
1887,1888,Male,67,17,87,3
1888,1889,Male,54,16,98,3
1889,1890,Female,75,15,36,1
1890,1891,Female,76,57,57,2
1891,1892,Male,43,87,89,0
1892,1893,Female,66,85,34,5
1893,1894,Female,44,85,78,0
1894,1895,Male,56,75,64,0
1895,1896,Female,75,88,73,0
1896,1897,Female,44,93,84,0
1897,1898,Male,43,97,89,0
1898,1899,Male,56,99,65,4
1899,1900,Male,76,98,55,4
1900,1901,Male,45,97,77,0
1901,1902,Male,65,98,67,4
1902,1903,Male,43,113,54,4
1903,1904,Female,55,126,5,5
1904,1905,Female,67,78,76,0
1905,1906,Male,54,77,23,5
1906,1907,Female,32,47,2,1
1907,1908,Female,32,40,34,1
1908,1909,Male,54,42,5,1
1909,1910,Male,36,43,5,1
1910,1911,Female,46,19,5,1
1911,1912,Female,32,20,34,1
1912,1913,Male,21,21,67,3
1913,1914,Female,34,23,54,3
1914,1915,Female,34,24,77,3
1915,1916,Male,55,28,86,3
1916,1917,Male,32,87,54,2
1917,1918,Male,23,120,43,4
1918,1919,Male,56,137,66,4
1919,1920,Male,54,88,45,5
1920,1921,Male,65,23,44,1
1921,1922,Female,33,25,55,3
1922,1923,Female,54,38,54,3
1923,1924,Male,43,39,6,1
1924,1925,Female,66,42,75,3
1925,1926,Female,53,15,34,1
1926,1927,Male,65,40,71,3
1927,1928,Male,34,46,5,1
1928,1929,Female,50,57,88,0
1929,1930,Female,43,87,7,5
1930,1931,Male,56,85,73,0
1931,1932,Female,45,98,10,5
1932,1933,Female,43,28,72,3
1933,1934,Male,56,29,5,1
1934,1935,Male,53,38,93,3
1935,1936,Male,34,40,40,2
1936,1937,Female,56,23,87,3
1937,1938,Female,54,21,12,1
1938,1939,Male,76,113,97,4
1939,1940,Male,54,103,36,5
1940,1941,Male,34,93,74,0
1941,1942,Female,56,97,22,5
1942,1943,Female,54,25,90,3
1943,1944,Male,56,28,17,1
1944,1945,Female,43,37,88,3
1945,1946,Female,54,42,20,1
1946,1947,Male,54,47,76,3
1947,1948,Female,66,24,16,1
1948,1949,Female,64,23,89,3
1949,1950,Male,43,19,1,1
1950,1951,Male,67,23,78,3
1951,1952,Male,64,48,1,1
1952,1953,Male,77,50,73,3
1953,1954,Male,45,54,35,2
1954,1955,Male,34,60,83,0
1955,1956,Female,34,113,5,5
1956,1957,Female,67,120,93,4
1957,1958,Male,54,126,26,5
1958,1959,Female,65,88,75,0
1959,1960,Female,43,93,20,5
1960,1961,Male,75,97,95,0
1961,1962,Male,35,40,27,1
1962,1963,Female,43,43,63,3
1963,1964,Female,65,48,13,1
1964,1965,Male,54,50,75,3
1965,1966,Female,43,30,10,1
1966,1967,Female,75,28,92,3
1967,1968,Female,75,20,13,1
1968,1969,Female,54,18,86,3
1969,1970,Male,35,17,15,1
1970,1971,Female,34,38,69,3
1971,1972,Female,22,69,14,5
1972,1973,Male,25,70,90,0
1973,1974,Female,67,75,32,2
1974,1975,Female,45,79,86,0
1975,1976,Male,54,87,15,5
1976,1977,Male,76,93,88,0
1977,1978,Male,67,88,39,5
1978,1979,Male,50,137,97,4
1979,1980,Male,56,29,24,1
1980,1981,Male,45,38,68,3
1981,1982,Female,43,54,17,1
1982,1983,Female,67,47,85,3
1983,1984,Male,75,50,23,1
1984,1985,Female,34,60,69,2
1985,1986,Female,67,30,8,1
1986,1987,Male,56,20,91,3
1987,1988,Male,65,18,16,1
1988,1989,Female,76,15,79,3
1989,1990,Female,56,103,28,5
1990,1991,Male,54,103,74,4
1991,1992,Female,32,103,18,5
1992,1993,Female,34,101,83,4
1993,1994,Male,45,101,21,5
1994,1995,Male,43,113,42,4
1995,1996,Male,56,113,33,5
1996,1997,Female,32,120,44,4
1997,1998,Female,23,120,58,4
1998,1999,Female,45,101,69,4
1999,2000,Male,43,103,73,4
2000,2001,Male,67,113,48,4
2001,2002,Male,43,120,69,4
2002,2003,Female,68,120,100,4
2003,2004,Female,89,120,45,4
2004,2005,Female,65,113,22,5
2005,2006,Female,43,113,67,4
2006,2007,Female,54,126,58,4
2007,2008,Male,76,137,45,4
2008,2009,Male,45,137,13,5
2009,2010,Female,34,137,15,5
2010,2011,Female,55,137,18,5
2011,2012,Male,54,126,30,5
2012,2013,Female,76,126,54,4
2013,2014,Female,54,126,68,4
2014,2015,Male,76,103,57,4
2015,2016,Male,54,103,89,4
2016,2017,Male,43,103,37,5
2017,2018,Female,56,113,48,4
2018,2019,Female,54,113,10,5
2019,2020,Male,23,120,3,5
2020,2021,Male,43,120,27,5
2021,2022,Male,54,126,49,4
2022,2023,Female,50,126,50,4
2023,2024,Female,27,137,46,4
2024,2025,Male,38,137,10,5
2025,2026,Female,40,101,2,5
2026,2027,Female,39,103,6,5
2027,2028,Male,23,103,36,5
2028,2029,Female,31,137,49,4
2029,2030,Female,43,126,17,5
